"Protein","Start_pos","End_pos","Length","Probability","Sequence","Uniqueness_score","Alignment_score","Info_peptide","Info_PepID"
"ANI26360.1",655,903,249,0.912305134582711,"GKAQPIQSSHLSSMSPTQPISHEEQPRYEDPDAPLDLSLHPDVAAQPAPQAPYQGYQEPPAPQAPYQGYQEPPAPQAPYQGYQEPPAPQAPYQGYQEPPAPQAPYQGYQEPPAPQAPYQGYQEPPAPQAPYQGYQEPPAPGLQSSSYPGYAGPWTPRSQHPCYRHPWAPWSQDPVHGHTQGPWDPRAPHLPPQWDGSAGHGQDQVSQFPHLQSETGPPRLQLSLVPLVSSSAPSWSSPQPRAPIRPIPT",0.402439024390244,49,"TGTWSPWSQP","P16297.1:2"
"P14348.1",154,176,23,0.903299338613978,"VDTGSGGGGQPHDTAPRGARKKQ",0.464285714285714,30,"DGGGGGGGA","O43525.2:2"
"P14348.1",82,98,17,0.888038155654419,"VAGAGAHAHLGGSSATP",0.52,24,"AGAGGAEG","CAC34726.1:4"
"ANI26360.1",292,351,60,0.874771563235286,"GVMSSCNNPAVNYWFHKTIGNFKPYYPWNAPPNENPYHARRGIKDHVIQNAFRKAQLQGL",0.483333333333333,31,"APPDDGPP","P08621.2:29"
"ANI26401.1",588,644,57,0.849820426725189,"LYPSIIQAHNLCYSTMITPGEEHRLAGLRPGKDYESFRLTGGVYHFVKKHVHESFLA",0.19672131147541,49,"TMVTPGEL","CAA51871.1:6"
"ANI26360.1",1,147,147,0.839000759393134,"MESFEGQGDSIQSPDNERGDDVQTTGEHDQDPGPGPPSSGASEGLVPEESDSRDQQPWGQSRGDENRGWMQRIRRRRRRRAALSGHLLDTEDNVPPWLPPHDITPYTARNIRDAACRAVKQSHLQALSNLILDSGLDTQHVLCFVMA",0.4,36,"SYEGQGRR","AAF18269.1:12"
"ANI26360.1",509,619,111,0.829605505888245,"DVIEVIDVETTEDSSSVSQPNKPHRKHQDGFQRSGRRQKRAAPPTVSPSDTGPPAAGPPAAGPPAAGPPAAGPRIMAPPVVRMFMRERQLPQSTGRKPQCFWEMRAGGEIT",0.466666666666667,32,"APPDDGPP","P08621.2:29"
"AOK88299.1",820,858,39,0.822053228569676,"LPPSTSSKLRPRWTFTSPPVTTAQATVPVPPTSQPRFST",0.459016393442623,33,"APPSQPFP","P03383.1:25"
"P14348.1",118,142,25,0.821948729023191,"PSTAVAQSATPSVSSSISSLRAATS",0.509090909090909,27,"SAPSISTE","YP_209233.1:2"
"ANI26360.1",149,285,137,0.81842522801209,"RQRLQDIRRGPLVAEGGVGWRHWLLTSPSQSWPMGYRTATLRTLTPVPNRVGADSIMLTATFGCHNAARTLNTFSATVWTPPHAGPREQERYAREAEVRFLRGKWQRRYRRIYDLIELCGSLHHIWQNLLQTEENLL",0.368421052631579,36,"RGLIAEGE","AAD38373.1:2"
"Q1HVG4.2",1,75,75,0.810846801424025,"MKKAWLSRAQQADAGGASGSEDPPDYGDQGNVQQVGSDPISPAIGPFELSAASEDDPQSGPVEENLDAAAREEEE",0.416666666666667,35,"LYGDKGND","WP_137575309.1:4"
"Q1HVG4.2",585,847,263,0.80803241445597,"LRSSAPSHAQTPWPVTHPSQTPGGPTTQSLAPETEAPRQWPMPLRPIPLHPLRMQPISFNPAVRPTPHQPPQVEPTFYQSTWVKPPQQYQPQMGHIPYQPRPTGHSTMLRPQWAPTTMQPPPRAPTPMPPPQGPPTAMQRPQGAPTPMPPPQGPPTAMQRPRGAPTPMPPPQGPPTAMQLSPRALTGQKGPAKHILRQLLTGGVKSGRPSLKFKAALERQAAAGLRPSPGSGTGAKIVQAPVFYPPVLQPIQVMWQVGSSKAV",0.387096774193548,38,"KPRPQPTP","AAR20917.1:2"
"AOK88299.1",12,94,83,0.798448870865597,"IQSLIHLTGEDPGFFNVEIPEFPFYPTCNVCTADVNVTINFDVGGKKHQLDLDFGQLTPRTKAVYQPRGAFGGSENATNLFLL",0.415384615384615,38,"LALNVTINV","AHN09748.1:10"
"P14348.1",56,72,17,0.793497513160464,"CYEEYVQRTFGVPRRQR",0.5,33,"SGKLEEFVQ","AAA98726.1:2"
"Q1HVG4.2",267,355,89,0.791504803856637,"YAIWIGLGTRNRVAFVEFVGWLCKKDHTHIREWFRQCTGRPSPSKPWMRAHPVAVPYDDPLTSEETDLAYARGLAMSIEAARLPDDPII",0.45,33,"DDALETDE","ABM46612.1:2"
"ANI26360.1",384,449,66,0.786706437370744,"ESSDDELPYIDPNMEPVQQRPVMFVSRVPAKKPRKLPWPTPKTHPVKRTNVKTSDRSDKAEAQSTP",0.39344262295082,37,"LLYSDDEL","XP_814919.1:2"
"ANI26401.1",957,1015,59,0.783516700104071,"KTEMAEDPAYAERHGVPVAVNHYFDKLLQGAANILQCLFDNNSGAALSVLQNFTARPPF",0.453125,35,"QTPSVPVAV","NP_851925:4"
"Q1HVG4.2",231,250,20,0.7803817002442,"QNQKIETAFLMARRARSLSA",0.491525423728814,30,"RRARAAGM","AAA30325.1:18"
"ANI26401.1",1,163,163,0.775365690288829,"MSGGLFYNPFLRPNKGLLKKPDKEYLRLIPKCFQTPGAAGVVDVRGPQPPLCFYQDSLTVVGGDEDGKGMWWRQRAQEGTARPEADTHGSPLDFHVYDILETVYTHEKCAVIPSDKQGYVVPCGIVIKLLGRRKADGASVCVNVFGQQAYFYARAPQGLDVEF",0.35,39,"PEADTDPL","ADF32060.1:2"
"Q1HVG4.2",139,229,91,0.773752960902404,"EFIWMCMTVRHRCQAIRQKPLPIDKQRRWKLLSPYRTWRMGYRTQTLNVNSFETGGDKVHPLLVTATLGCEEGLRHAITYSAGIVQLPRMS",0.492063492063492,32,"TTLLNPYF","YP_540539.1:2"
"ANI26401.1",169,359,191,0.771541011682406,"LKASTFDRRTPCRVSVEKVTRRSIMGYGNHAGDYHKITLSHPNSVCHVATWLQDKHGCQIFEANVDATRRFVLDNDFVTFGWYSCRRAIPRLQHRDSYAELEYDCEVGDLSVRREDSSWPSYQALAFDIECLGEEGFPTATNEADLILQISCVLWSTGEEAGRYRRILLTLGTCEDIEGVEVYEFPSELDM",0.436363636363636,31,"RAIGRLSS","XP_003207733.1:2"
"AOK88299.1",100,141,42,0.757557438379392,"GELALTMRSKKLPINVTTGEEQQVSLESVDVYFQDVFGTMWC",0.514705882352941,33,"DVFQDTVTV","Q04IN8.1:2"
"ANI26360.1",363,372,10,0.757076882376882,"DATSETSSDE",0.514285714285714,34,"GQNDTSQTSSPS","AAH00644.1:2"
"Q1HVG4.2",80,132,53,0.753139590922121,"EHNGGDDPLEVHTRQPRFVDVNPTQAPVIQLVHAVYDSMLQSDLRSLGSLFLE",0.459016393442623,33,"GDTRPRFL","CAA68170.1:2"
"ANI26401.1",646,955,310,0.752439654455863,"LLTSWLAKRKAIKKLLAACEDPRQRTILDKQQLAIKCTCNAVYGFTGVANGLFPCLSIAETVTLQGRTMLERAKAFVEALSPANLQALAPSPDAWAPLNPEGQLRVIYGDTDSLFIECRGFSESETLRFADALAAHTTRSLFVAPISLEAEKTFSCLMLITKKRYVGVLTDGKTLMKGVELVRKTACKFVQTRCRRVLDLVLADARVKEAASLLSQRPFQESFTQGLPVGFLPVIDILNQAYTDLREGRVPMGELCFSTELSRKLSAYKSTQMPHLAVYQKFVERNEELPQIHDRIQYVFVEPKGGVKGA",0.3,42,"APLQPEQL","NP_001276867.1:6"
"ANI26401.1",369,504,136,0.752329462813273,"DLSVEIVTGYNVANFDWPYILDRARHIYSINPASLGKIRAGGVCEVRRPHDAGKGFLRANTKVRITGLIPIDMYAVCRDKLSLSDYKLDTVARHLLGAKKEDVHYKEIPRLFAAGPEGRRRLGMYCVQDSALVMDL",0.293478260869565,65,"SRTNTKVSRITGL","NP_001166449.1:2"
"P14348.1",1,27,27,0.747902450019117,"MARRLPKPTLQGRLEADFPDSPLLPKF",0.457627118644068,32,"PSADFPGD","NP_001095190.1:2"
"ANI26360.1",452,500,49,0.733665337037215,"PGPSEQSSVTVEPAHPTPVEMPMVILHQPPPVPKPVPVKPTPPPSRRRR",0.456140350877193,31,"PTPSPAPS","AAG16766.1:13"
"Q1HVG4.2",381,441,61,0.730468191292121,"VTSIPQTLPHSPTVYGRPSVFYRKPDTKSTKKCRAIVTDLSIIKVIEDEHRKKKTARTEQP",0.449275362318841,38,"SKAANLSIIK","NP_705610.1:2"
"ANI26360.1",905,1004,100,0.730152832371232,"FPPPPMPLQDSMAVGCDSSGTACPSMPFASDYSQGAFTPLDINATTPKRPRVEESSHGPARCSQATAEAQEILSDNSEISVFPKDVKQTDYDASTESELD",0.457142857142857,38,"IYASDYSDP","A0A044UK00:65"
"Q1HVG4.2",443,555,113,0.728705937104626,"AKPDSPAPTVVLRRPPTQKVTGPAGSLSVQAQLEPWQPLSWPHETRVILHGPPTQGDQAHGSMLDLLEKDDQHMEQQVMATLLPPEPHQPRSGRRAPCVYTADLDIESDEPAT",0.405405405405405,44,"SVVLRRRVPP","AAB41063.1:13"
"AOK88299.1",883,907,25,0.721907382062382,"CAFRRNLSTSHTYTTPPYDDAETYV",0.376811594202899,43,"YDDSETFKA","A0A044UIG6:6"
"AOK88299.1",403,433,31,0.721077864787542,"LIITRTATNATTTTHKVIFSKAPESTTTSPT",0.454545454545455,30,"ASTETTTT","WP_032460349.1:3"
"AOK88299.1",344,381,38,0.71357071852525,"PNVTVTAFWAWPNNTETDFKCKWTLTSGTPSGCENISG",0.392156862745098,31,"TSGTSGTS","P50495.1:11"
"AOK88299.1",695,712,18,0.707842816093913,"HPTGGENITQVTPASTST",0.551724137931034,26,"KEPAPTTT","NP_005798.3:2"
"AOK88299.1",735,761,27,0.707448628640149,"NSSTSTKPGEVNVTKGTPPKNATSPQA",0.492307692307692,33,"VRTPPKSPS","NP_001190181.1:2"
"ANI26360.1",621,653,33,0.686213508976393,"MQQEPSSHLQSATQPTTPRPSWAPSVCALSVMD",0.43859649122807,32,"PTPSPAPS","AAG16766.1:13"
"ANI26401.1",512,585,74,0.683959419369542,"VEVAEIAKIAHIPCRRVLDDGQQIRVFSCLLAAAQKENFILPMPSASDRDGYQGATVIQPLSGFYNSPVLVVDF",0.482758620689655,30,"TTPVLNDG","NP_224752.1:2"
"Q1HVG4.2",853,931,79,0.683803173514903,"TQAPTEYTGERRLGGPMSPTDIPPSKRVKKKAYPERKTPHGGPSHSSTVMWENVSQGQQQTLECGGTDKQERNMLGMGD",0.4,42,"VKRVKRKAAK","XP_817338.1:2"
"P14348.1",31,46,16,0.6800037011859,"NQNNLPNDVFREAQRS",0.46551724137931,31,"ATREAQKR","AQV12160.1:4"
"Q1HVG4.2",557,583,27,0.66700450755483,"EPVLDQLLPAPGLGPLAIQPLTSPTTS",0.470588235294118,27,"SPSTSASS","NP_072854.1:12"
"AOK88299.1",217,235,19,0.65507806140043,"EISQVLPGDNKFNITCSGY",0.575342465753425,31,"GENKTPGENK","AAK94952.1:2"
"AOK88299.1",438,446,9,0.653310444185444,"GFAAPNTTT",0.40625,38,"AGFTAPATTLLSALG","YP_177963.1:30"
"AOK88299.1",164,186,23,0.633763880117965,"NCNSTNITAVVRAQGLDVTLPLS",0.523809523809524,30,"CELTNITI","AAA52476.1:2"
"AOK88299.1",474,493,20,0.629636501802916,"TSPTPAGTTSGASPVTPSPS",0.473684210526316,30,"PTPSPAPS","AAG16766.1:13"
"AOK88299.1",326,338,13,0.62645175070028,"GDNATYSVPMVTS",0.383333333333333,37,"RPNATYSL","NP_001026172.1:2"
"AOK88299.1",1,3,3,0.618585978835979,"MEA",0,25,"YTWFTMEAL","AAA59904.1:14"
"AOK88299.1",767,793,27,0.617323758592978,"TAVPTVTSTGGKANSTTGGKHTTGHGA",0.518518518518519,26,"ILTGGKSK","P05456.1:21"
"AOK88299.1",674,684,11,0.611332251082251,"ETLSPSTSDNS",0.294117647058823,36,"SPSTSASS","NP_072854.1:12"
"AOK88299.1",637,656,20,0.610070048701299,"PVVTSPPKNATSAVTTGQHN",0.509433962264151,26,"IASAVTLA","WP_137575309.1:2"
"AMM45134.1",63,78,16,0.601913266103826,"DNGPHDPLRQGPDNTD",0.493333333333333,38,"EDKGPQDPQA","P41002.2:2"
"AMM45134.1",147,155,9,0.593983279066612,"NPHLPTLLL",0.514705882352941,33,"GEEAVPEEEGPTVVLNPHPSLGY","AAB53685.1:9"
"AOK88299.1",453,461,9,0.550733892650559,"HVPTNLTAP",0.507462686567164,33,"HVPRNLKLSLPD","P04114:84"
